username;used;followed_by;followed_at
00batuhh;False;;
07mychildren;True;aria_sky_uk9ag;2026-03-06T10:39:26.237118
1111.22452;False;;
2005craig;False;;
2manyofum;False;;
430kreol;False;;
_5tack5_;False;;
_christianharringer_;False;;
_cohenshaw;False;;
_harry___03;False;;
aadityamehale;False;;
aheadvase;False;;
allhail23;False;;
alvn_brs;True;aria_sky_uk9ag;2026-03-06T10:39:26.238142
andriws.ap9;True;aria_sky_uk9ag;2026-03-06T11:31:59.730838
anthonybonittojrgmail.com2;False;;
badr_berada;False;;
baldoniverson;False;;
bart160767;False;;
behemoth1890;False;;
beian252;False;;
bhiggins77346;False;;
bigoleben1;False;;
bjorn_backman;False;;
bobbyvelvet;False;;
boziji_sluga_cccc;False;;
broncin10;False;;
calzada6071;False;;
cantellanoalvaroberriel;False;;
carelodat;False;;
cartabello_69_;False;;
cavarnezic771;False;;
cedarwang8;False;;
christian.x.constantin;False;;
clips_fan210;False;;
collin_prough;False;;
constantin_poe;False;;
cris.herrera01;False;;
curtconley66;False;;
cuz26a;False;;
cvin2sprts;False;;
d.n.gabriel;False;;
darasgang;False;;
darren47374;False;;
datbwoy91;False;;
dav03.71;False;;
dave009463;False;;
ddd99015;False;;
deenhoh;False;;
dennis.brl2009;False;;
derekvasquez661;False;;
dest.n4_greatness;False;;
devilsfan_52;False;;
devon_manaigre;False;;
diamantistsiftsis;False;;
dimostdope;False;;
djalcfix;False;;
dodger_champ.07;False;;
dome.zanella;True;aria_sky_zo3aj;2026-03-06T11:31:59.731254
drewpariswolfe;False;;
droptoyoknees4me;False;;
dust1n_miller;False;;
dustin127127;False;;
dydy_di_pasquale;False;;
dylan.698;False;;
dylanribeye;False;;
ehssandannouf;False;;
elisha_rivera1113;False;;
elvisnunez8balsam;False;;
em.66658;False;;
enki.g0d;False;;
enosh.09;False;;
enriico98;False;;
erik.cruz.7737;False;;
erock.11;False;;
etx_kennon;False;;
ev_mcscooti;False;;
evydarky;False;;
faiveryh;False;;
fj5yr4vbe6xz;False;;
flyfloater;False;;
fm89972;False;;
frankmaxsc;False;;
fred_hen12;False;;
freecaseyoneal;False;;
frrsh2015;False;;
fvelazquez449_;False;;
g20055802;False;;
gambospriv;False;;
garciagenarogerardoleal;False;;
garrettjohns19;False;;
godslion0203;False;;
gonzalorodriguez7634;False;;
gu_yhk;False;;
guevara2841;False;;
heyworth8228;False;;
housto.n95;False;;
hufjfyd_;False;;
hulsey6650;False;;
humberto.duarte.3386;False;;
i_came_prolly_tou;False;;
iam_jalachii;False;;
iamstillbella2;False;;
ihssancanimturk;False;;
iismaaelpl;False;;
iniaki_fernandez;False;;
inspectorgadgetx0;False;;
irfankhan__1236;False;;
isenhour.michael;False;;
jaalexander77;False;;
jahgurudevaom;False;;
james.rabon.752;False;;
janboettcher007;False;;
jay_langa;False;;
jean197586;False;;
jean_azzi2;False;;
jeffrey.bridges.7792;False;;
jet4andre;False;;
jetglobe247;False;;
jimkau80;False;;
jmb6009;False;;
jmfrancov_;False;;
joe_michael1111;False;;
john119526;False;;
johnhente53;False;;
johnnyflambe;False;;
jonathan_ajr;False;;
jonathanneumann32;False;;
josemartinezmartinez225;False;;
josephhabayjr;False;;
juanmanueljimenez629;False;;
justbillz__;False;;
justomar506;False;;
kazumag.konoha;False;;
kgrinas;False;;
khrabchukigor;False;;
kian_khalili.1378;False;;
kingkodak42013;False;;
kobeball2323;False;;
kolevpetio;False;;
korson_manageri;False;;
kruegerrick65;False;;
kubaaa.219;False;;
kylerh3393;False;;
lalo_landa8;False;;
lawlightn;False;;
lost.sole69;False;;
lrnz.prv56;False;;
luca55luca;False;;
luca_c_p_m;False;;
luca_cazzola;False;;
lukesheffe;False;;
lulwcklll;False;;
majermcclymont;False;;
mani_left_untold;False;;
marco670410;False;;
mark.priddy.338;False;;
marsashell1234;False;;
matudu5;False;;
max_kunz1;False;;
maxymax8008;False;;
mcquade1453;False;;
mehrdad.v.negar;False;;
michael_a._tamez;False;;
michiixx._;False;;
milliamtomas;False;;
mitch_malmrose;False;;
modern_world_ai_player__;False;;
mohammadmohebi1366;False;;
momo.dmrc;False;;
monesokrat;False;;
moritzice2;False;;
mrriga666;False;;
mullis8976;False;;
nailyagami;False;;
naplestan1;False;;
naturist1234;False;;
nelson.rodriguez1017;False;;
nil_hof_65;False;;
noah.savelkouls;False;;
norf_boi;False;;
norristim469;False;;
nsilv2;False;;
oliver_beazley;False;;
omar23076;False;;
onemanofself;False;;
oscar.naranjo.7545;False;;
oscarcuellocoronado;False;;
packyy_44;False;;
patrickc6075;False;;
pavel_white_boy;False;;
pchernandez23;False;;
pedrocgslp57;False;;
pedromedellin68;False;;
pelleclaudio9;False;;
pipejr96;False;;
prokopis.dimos;False;;
prosaliogpjr;False;;
realcolo1;False;;
roblert_and;False;;
ryancollinsrn;False;;
rycasty;False;;
santozambaldo;False;;
sayanu;False;;
schilloo2314;False;;
scott5150;False;;
seatimersd;False;;
seba_stian9107;False;;
sebastiaan_lopez07;False;;
semental_fogoso_1894;False;;
sensei___uchibo;False;;
slupczynski111;False;;
smoothfellas156;False;;
sn0wl0rd;False;;
solelypleasure97;False;;
stevengraham4370;False;;
stvnmar;False;;
super_maximo;False;;
supraherohayes;False;;
tartersauce94;False;;
tbo_93;False;;
thecdnguy;False;;
thedesertfox33;False;;
theonyxbear;False;;
till_ka02;False;;
todlouissusaeta;False;;
troysmine;False;;
ua0007n;False;;
undying_omen.xoxo;False;;
vasilis.apollon;False;;
vederni._kovvalentin;False;;
vicantonio9280;False;;
vincenzo_barbone68;False;;
visiondios;False;;
walterak_;False;;
y33_35;False;;
yamaha_louis;False;;
yilmercruzlunasco;False;;
yusufislamx;False;;
zero_cool_11;False;;
zotlifejusticusa1uk4eu27al35sf;False;;
